variant,keygen_time,encap_time,decap_time,public_key_size,ciphertext_size
Kyber512,0.03938288027711678,0.0373381999816047,0.040846969714039005,800.0,768.0
Kyber768,0.05487845999596175,0.058005750470329076,0.06286279021878727,1184.0,1088.0
Kyber1024,0.07734702950983774,0.09129965961619746,0.09214115008944646,1568.0,1568.0
